id,name,last_name,email,address,phone
1,Juan,Perez,juan@mail.com,Calle 123 #45-67 Bogota,3001234567
2,Maria,Rodriguez,maria@mail.com,Cra 80 #10-20 Medellin,3109876543
3,Carlos,Gomez,carlos@mail.com,Av Siempre Viva 123 Cali,3205551234
4,Ana,Torres,ana@mail.com,Diag 50 #20-10 Barranquilla,3004445566
5,Pedro,Martinez,pedro@mail.com,Calle 100 #15-20 Bogota,3151112233
6,Luisa,Fernandez,luisa@mail.com,Tv 4 #5-12 Bucaramanga,3169998877
7,Jorge,Ramirez,jorge@mail.com,Cra 7 #72-10 Bogota,3112223344
8,Sofia,Vergara,sofi@mail.com,Calle 10 #10-10 Cartagena,3007776655
9,Miguel,Angel,migue@mail.com,Av El Poblado 45 Medellin,3123334455
10,Elena,Nito,nito@mail.com,Calle Falsa 123 Pereira,3185550000